Score,Title,Id
"1427","Hidden features of Python","101268"
"1036","What IDE to use for Python?","81584"
"582","The Python yield keyword explained","231767"
"469","What is a metaclass in Python?","100003"
"415","Using a piano keyboard as a computer keyboard","5928061"
"342","Python progression path - From apprentice to guru","2573135"
"338","Is there any way to run Python on Android?","101754"
"325","Best ways to teach a beginner to program?","3088"
"314","Peak detection in a 2D array","3684484"
"310","Favorite Django Tips & Features?","550632"
"308","Understanding Python decorators","739654"
"300","What's the best way to implement an 'enum' in Python?","36932"
"231","How do I check if a file exists using Python?","82831"
"210","Why is reading lines from stdin much slower in C++ than Python?","9371238"
"190","Single quotes vs. double quotes in Python","56011"
"184","Rails or Django? (or something else?)","91846"
"183","Pros/Cons of Django vs Pylons","48681"
"182","Does Django Scale?","886221"
"175","Using global variables in a function other than the one that created them","423379"
"168","Python Ternary Operator","394809"
"163","What is the difference between @staticmethod and @classmethod in Python?","136097"
"161","How can I merge two Python dictionaries as a single expression?","38987"
"161","How to call external command in Python","89228"
"156","Python: What is the best way to check if a list is empty?","53513"
"156","Python: How do I pass a variable by reference?","986006"
"150","""Least Astonishment"" in Python: The Mutable Default Argument","1132941"
"149","How can I remove (chomp) a newline in Python?","275018"
"147","Print in terminal with colors using python?","287871"
"139","Why are scripting languages (e.g. Perl, Python, Ruby) not suitable as shell languages?","3637668"
"138","Is Python any good for GUI development?","115495"
"136","Python: Best way to create directory if it doesn't exist for file write?","273192"
"135","Python: Sort a dictionary by value","613183"
"134","Static class variables in Python","68645"
"131","Python memory profiler","110259"
"122","How do you read from stdin in python","1450393"
"121","How do I remove packages installed with Python's easy_install?","1231688"
"115","Difference between __str__ and __repr__ in Python","1436703"
"114","How do you split a list into evenly sized chunks in Python?","312443"
"112","Best programming aids for a quadriplegic programmer","2710537"
"112","Speed comparison with Project Euler: C vs Python vs Erlang vs Haskell","6964392"
"111","What's the best solution for OpenID with Django?","2123369"
"109","What's the best SOAP client library for Python, and where is the documentation for it?","206154"
"109","How to flush output of Python print?","230751"
"107","Why use pip over easy_install?","3220404"
"106","Understanding Python super() and init methods","576169"
"103","Is there any difference between ""foo is None"" and ""foo == None""?","26595"
"102","How do I protect python code?","261638"
"101","python: import a module from a folder","279237"
"101","Accessing the index in Python for loops","522563"
"100","Python - Parse String to Float or Int","379906"
"97","Getting the class name of an instance in Python","510972"
"97","Why don't they implement Python and Ruby in the web browsers?","3722334"
"96","In Python how do I sort a list of dictionaries by values of the dictionary?","72899"
"95","How can I improve my paw detection?","4087919"
"93","SQLAlchemy versioning cares about class import order","5733113"
"92","How do you express binary literals in Python?","1476"
"92","django development IDE","175044"
"92","How do I randomly select an item from a list using Python?","306400"
"92","How do I check if a string is a number in Python?","354038"
"92","What is a clean, pythonic way to have multiple constructors in Python?","682504"
"90","Calling a function from a string with the function's name in Python","3061"
"89","Why is there no GIL in the Java Virtual Machine? Why does Python need one so bad?","991904"
"88","Feedback on using Google App Engine?","110186"
"88","How to know if an object has an attribute in Python","610883"
"88","Why does (1 in [1,0] == True) evaluate to False?","9284350"
"87","Directory listing in Python","120656"
"87","JSON datetime between Python and JavaScript","455580"
"86","Why is Lua considered a game language?","38338"
"86","Should I learn Python 2 before 3, or start directly from Python 3?","170921"
"85","ASCII value of a character in python","227459"
"85","Are there any good reasons why I should not use Python?","371966"
"85","In python, how do I determine if a variable is Iterable?","1952464"
"84","mkdir -p functionality in python","600268"
"84","Recommendations of Python REST (web services) framework?","713847"
"83","Good Python modules for fuzzy string comparison?","682367"
"83","Python datetime to Unix timestamp","2775864"
"82","What does ** and * do for python parameters?","36901"
"82","Is there any way to kill a Thread in Python?","323972"
"81","How to do relative imports in Python?","72852"
"81","Python - time.clock() vs. time.time() - accuracy?","85451"
"81","The Zen of Python","228181"
"81","How to sort my paws?","4502656"
"80","Is there an IDE that provides code completion for Python","698"
"80","Python join, why is it string.join(list) instead of list.join(string)?","493819"
"80","Bubble Sort Homework","895371"
"79","Convert hex string to int in Python","209513"
"77","Showing the stack trace from a running Python application","132058"
"77","What is a good PDF report generator tool for python?","177799"
"76","Extracting extension from filename in Python","541390"
"75","Pretty graphs and charts in Python","52652"
"75","What is the best Python book for experienced programmers?","457757"
"75","Static methods in Python?","735975"
"75","How to get line count cheaply in Python?","845058"
"74","What did you use to teach yourself python?","111857"
"74","PySide vs. PyQt?","1297660"
"74","What are ""named tuples"" in Python?","2970608"
"73","How to get file creation & modification date/times in Python?","237079"
"73","Is there a portable way to get the current username in Python?","842059"
"73","How to trim whitespace (including tabs)?","1185524"
"72","Heavy usage of Python at Google","2560310"